{
 "yearly_pasture_growth": 14000.0,
 "initial_pasture_cover": 2500.0,
 "maximum_soil_moisture": 150.0,
 "maximum_growth_rate": 60.0,
 "energy_for_maintenance": 378.0,
 "stocking_rate": 3.25,
 "max_milk_energy": [
  888.195937634907,
  1049.1514487251575,
  1119.2251879670555,
  1145.8199482062532,
  1153.1425876680617,
  1151.9399911037517,
  1146.9832305720242,
  1140.390302597011,
  1133.10132124619,
  1125.5334584687225,
  1117.8717174491046,
  1110.1980270217546,
  1102.5485556100919,
  1094.9391568425867,
  1087.3766666137458,
  1079.8639186219375,
  1072.4019711042286,
  1064.9910954285422,
  1057.6312149886248,
  1050.3221000504295,
  1043.0634542485054,
  1035.8549529783854,
  1028.696260432342,
  1021.58703715352,
  1014.5269433805836,
  1007.5156405235441,
  1000.5527918099543,
  993.6380625628293,
  986.7711203151335,
  979.9516348517623,
  973.179278219401,
  966.453724722179,
  959.7746509110793,
  953.1417355706363,
  946.5546597044857,
  940.0131065204682,
  933.5167614155914,
  927.0653119609857,
  920.6584478869191,
  914.2958610678918,
  907.9772455078248,
  901.702297325348,
  895.4707147391865,
  889.2821980536476,
  883.1364496442081,
  877.0331739432014,
  870.9720774256009,
  864.9528685949056,
  858.9752579691203,
  853.0389580668332,
  847.1436833933905,
  841.2891504271661
 ],
 "pasture_energy_density": 11.0,
 "energy_for_bcs_milking": [
  -76.4366657193864,
  -71.5278890218111,
  -66.61911232423583,
  -61.71033562666056,
  -56.801558929085296,
  -51.89278223151002,
  -46.98400553393475,
  -42.075228836359486,
  -37.1664521387842,
  -32.25767544120893,
  -27.348898743633658,
  -22.440122046058388,
  -17.531345348483118,
  -12.622568650907844,
  -7.713791953332572,
  -2.8050152557572985,
  3.2425110150775294,
  4.786563879400163,
  5.867400884426006,
  6.94823788945185,
  8.029074894477693,
  9.109911899503537,
  10.190748904529379,
  11.271585909555222,
  12.352422914581066,
  13.433259919606908,
  14.514096924632753,
  15.594933929658595,
  16.675770934684436,
  17.75660793971028,
  18.837444944736127,
  19.91828194976197,
  20.999118954787814,
  22.079955959813656,
  23.160792964839498,
  24.241629969865343,
  25.322466974891185,
  26.403303979917027,
  27.48414098494287,
  28.56497798996871,
  29.645814994994556,
  30.726652000020398,
  31.807489005046243,
  32.888326010072085,
  33.969163015097934,
  35.050000020123775,
  36.13083702514962,
  37.21167403017546,
  38.2925110352013,
  39.37334804022715,
  40.45418504525299,
  41.53502205027883
 ],
 "energy_content_of_milk": [
  65.35515151391601,
  66.49176004834155,
  67.3975782008087,
  68.0776228502157,
  68.55784362793972,
  68.87345657974878,
  69.06038942936677,
  69.15053922815805,
  69.16997729832954,
  69.13890707972,
  69.07243536574626,
  68.98158477658386,
  68.87426170616509,
  68.75606872686856,
  68.63094050768903,
  68.50162119673463,
  68.37001339133042,
  68.23742882203895,
  68.10476633743197,
  67.97263727300916,
  67.8414532798611,
  67.71148762406887,
  67.58291785911656,
  67.45585547727588,
  67.3303664861443,
  67.20648567360622,
  67.08422648926243,
  66.96358788433578,
  66.84455904260837,
  66.72712264969657,
  66.6112571496361,
  66.4969383000331,
  66.3841402414926,
  66.27283623079217,
  66.16299914135269,
  66.05460180274358,
  65.94761722891538,
  65.84201876958124,
  65.73778020858829,
  65.6348758257901,
  65.5332804338526,
  65.43296939790801,
  65.33391864353281,
  65.23610465683709,
  65.13950447928224,
  65.04409569903333,
  64.9498564400903,
  64.85676535005355,
  64.7648015871099,
  64.67394480663867,
  64.58417514770801,
  64.49547321964306
 ],
 "initial_storage": 0.0,
 "niwa_data": "TGA.daily.df.csv",
 "maximum_pasture_cover": 3500.0,
 "number_of_weeks": 52,
 "initial_soil_moisture": 150.0,
 "harvesting_efficiency": 0.9,
 "energy_for_bcs_dry": [
  -61.97567490761059,
  -57.99558569336036,
  -54.01549647911013,
  -50.03540726485991,
  -46.0553180506097,
  -42.07522883635948,
  -38.09513962210926,
  -34.11505040785904,
  -30.13496119360881,
  -26.154871979358592,
  -22.17478276510837,
  -18.19469355085815,
  -14.214604336607934,
  -10.234515122357712,
  -6.25442590810749,
  -2.274336693857269,
  4.669215861711643,
  6.892651986336235,
  8.44905727357345,
  10.005462560810663,
  11.561867848047878,
  13.118273135285094,
  14.674678422522305,
  16.23108370975952,
  17.787488996996736,
  19.343894284233947,
  20.900299571471162,
  22.456704858708378,
  24.01311014594559,
  25.5695154331828,
  27.12592072042002,
  28.682326007657235,
  30.23873129489445,
  31.79513658213166,
  33.35154186936887,
  34.90794715660609,
  36.4643524438433,
  38.020757731080515,
  39.57716301831773,
  41.133568305554945,
  42.689973592792164,
  44.246378880029376,
  45.80278416726659,
  47.3591894545038,
  48.91559474174103,
  50.47200002897824,
  52.028405316215455,
  53.58481060345267,
  55.14121589068988,
  56.69762117792709,
  58.2540264651643,
  59.81043175240151
 ],
 "supplement_energy_density": 11.0,
 "number_of_pasture_cuts": 20,
 "energy_for_pregnancy": [
  0.0,
  0.0,
  0.0,
  0.0,
  0.0,
  0.0,
  0.0,
  0.0,
  0.0,
  0.0,
  0.0,
  0.0,
  0.23237630245889634,
  1.7627304781547037,
  2.026062014936652,
  2.3287322362896714,
  2.676617886498531,
  3.0764736274439985,
  3.536063189333256,
  4.064310113831876,
  4.671471016475458,
  5.369334732480741,
  6.1714512126365655,
  7.0933946135923716,
  8.153065690791582,
  9.371039365410203,
  10.770964213774358,
  12.380021635874277,
  14.229453618341214,
  16.355169339106318,
  18.79844239177653,
  21.606712167264572,
  24.83450495256163,
  28.54449263100864,
  32.808709540137734,
  37.70995111399494,
  43.34338146644211,
  49.8183811288027,
  57.260670818131516,
  65.81475247188986,
  75.64671494495559,
  86.9474588453018,
  99.93640312281096,
  114.86574537956884,
  132.02535862122016,
  151.74841952631587,
  174.4178775139763,
  200.47389021540863,
  230.42236971883392,
  264.84480552451544,
  304.40955493560847,
  349.8848201027586
 ]
}
