{
 "maximum_soil_moisture": 150.0,
 "number_simulations": 1000,
 "maximum_growth_rate": 65.0,
 "supplement_price": 0.5,
 "energy_for_bcs_milking": [
  -89.21238476063084,
  -83.48314904205822,
  -77.7539133234856,
  -72.02467760491297,
  -66.29544188634034,
  -60.56620616776773,
  -54.8369704491951,
  -49.10773473062248,
  -43.37849901204986,
  -37.64926329347724,
  -31.920027574904616,
  -26.190791856331987,
  -20.46155613775937,
  -14.732320419186742,
  -9.003084700614119,
  -3.2738489820414993,
  4.93314914729693,
  6.839680218716035,
  8.007430499960234,
  9.175180781204434,
  10.342931062448637,
  11.510681343692838,
  12.678431624937037,
  13.846181906181238,
  15.013932187425436,
  16.181682468669642,
  17.34943274991384,
  18.51718303115804,
  19.684933312402244,
  20.852683593646443,
  22.020433874890642,
  23.18818415613484,
  24.355934437379045,
  25.52368471862325,
  26.691434999867447,
  27.859185281111653,
  29.02693556235585,
  30.19468584360005,
  31.36243612484425,
  32.530186406088454,
  33.69793668733265,
  34.86568696857686,
  36.033437249821056,
  37.20118753106525,
  38.368937812309454,
  39.536688093553664,
  40.70443837479786,
  41.872188656042056,
  43.03993893728626,
  44.20768921853046,
  45.37543949977466,
  46.54318978101886
 ],
 "pasture_energy_density": 11.0,
 "niwa_data": "TGA.daily.df.csv",
 "fixed_cost": 3536,
 "initial_storage": 0.0,
 "maximum_irrigation": 0.0,
 "energy_content_of_milk": [
  65.35515151391601,
  66.49176004834155,
  67.3975782008087,
  68.0776228502157,
  68.55784362793972,
  68.87345657974878,
  69.06038942936677,
  69.15053922815805,
  69.16997729832954,
  69.13890707972,
  69.07243536574626,
  68.98158477658386,
  68.87426170616509,
  68.75606872686856,
  68.63094050768903,
  68.50162119673463,
  68.37001339133042,
  68.23742882203895,
  68.10476633743197,
  67.97263727300916,
  67.8414532798611,
  67.71148762406887,
  67.58291785911656,
  67.45585547727588,
  67.3303664861443,
  67.20648567360622,
  67.08422648926243,
  66.96358788433578,
  66.84455904260837,
  66.72712264969657,
  66.6112571496361,
  66.4969383000331,
  66.3841402414926,
  66.27283623079217,
  66.16299914135269,
  66.05460180274358,
  65.94761722891538,
  65.84201876958124,
  65.73778020858829,
  65.6348758257901,
  65.5332804338526,
  65.43296939790801,
  65.33391864353281,
  65.23610465683709,
  65.13950447928224,
  65.04409569903333,
  64.9498564400903,
  64.85676535005355,
  64.7648015871099,
  64.67394480663867,
  64.58417514770801,
  64.49547321964306
 ],
 "number_of_weeks": 52,
 "cost_irrigation": 0.5,
 "harvesting_efficiency": 0.9,
 "number_cuts": 500,
 "energy_for_pregnancy": [
  0.0,
  0.0,
  0.0,
  0.0,
  0.0,
  0.0,
  0.0,
  0.0,
  0.0,
  0.0,
  0.0,
  0.46942084128448225,
  1.7981421893994396,
  2.0667638260904315,
  2.37551442706686,
  2.730388795258448,
  3.138277287786411,
  3.6070996013971657,
  4.145958543891779,
  4.765316777227694,
  5.47719996399474,
  6.295430261624043,
  7.235894697929969,
  8.316853638852654,
  9.559295337711962,
  10.987343450017464,
  12.628725426275688,
  14.515310877262927,
  16.683730364840375,
  19.176086632956984,
  22.040772088334446,
  25.333408403307374,
  29.117926484455666,
  33.467807776054094,
  38.46751099989413,
  44.21411203352622,
  50.819188767336385,
  58.410987537460166,
  67.1369131987062,
  77.16639118556151,
  88.69415713199427,
  101.94403792239028,
  117.17329758774918,
  134.6776324284851,
  154.79691235077559,
  177.92177989212678,
  204.50123506500168,
  235.0513532883204,
  270.1653056770518,
  310.5248762471245,
  356.9136996574853,
  410.2324765176468
 ],
 "random_seed": 1234,
 "yearly_pasture_growth": 14000.0,
 "final_pasture_cover": 2500.0,
 "objective_bound": 1.0e6,
 "initial_pasture_cover": 2500.0,
 "energy_for_maintenance": 378.0,
 "maximum_milk_production": 10000,
 "first_week": 31,
 "stocking_rate": 3.0,
 "soil_fertility": [
  33.90859299398593,
  27.418151994924347,
  23.58618974922007,
  22.85592694927599,
  20.62177895530994,
  21.57779338998807,
  20.01113399179877,
  19.87239570446431,
  20.46617869082083,
  19.42645200929946,
  21.488009430431894,
  17.353325390735325,
  15.482462774442775,
  13.754356670967928,
  12.856904732012696,
  11.531985180222515,
  10.673419404315428,
  9.435725929618824,
  9.47507078845022,
  8.240147879228582,
  7.423261473201247,
  7.508819520491229,
  7.258244374291087,
  7.441000638745162,
  7.492161420759248,
  7.9446292085227475,
  8.14360700098876,
  8.990342226806852,
  10.190677419820197,
  9.379993303851286,
  10.0457315980955,
  10.547572196575276,
  10.554731034988452,
  11.647413048872028,
  12.230656798165777,
  14.583431449708677,
  16.10939200866942,
  18.595712177786293,
  21.823759577782393,
  23.21776415042589,
  27.350190914470215,
  33.70757883553136,
  39.11998697077346,
  45.30588553162816,
  50.47657558679747,
  55.73819676899896,
  61.31201644589886,
  66.2255229903437,
  58.482231071472754,
  51.508740103600665,
  47.27787469958317,
  36.25176491720834
 ],
 "harvest_cost": 0.275,
 "max_milk_energy": [
  888.195937634907,
  1049.1514487251575,
  1119.2251879670555,
  1145.8199482062532,
  1153.1425876680617,
  1151.9399911037517,
  1146.9832305720242,
  1140.390302597011,
  1133.10132124619,
  1125.5334584687225,
  1117.8717174491046,
  1110.1980270217546,
  1102.5485556100919,
  1094.9391568425867,
  1087.3766666137458,
  1079.8639186219375,
  1072.4019711042286,
  1064.9910954285422,
  1057.6312149886248,
  1050.3221000504295,
  1043.0634542485054,
  1035.8549529783854,
  1028.696260432342,
  1021.58703715352,
  1014.5269433805836,
  1007.5156405235441,
  1000.5527918099543,
  993.6380625628293,
  986.7711203151335,
  979.9516348517623,
  973.179278219401,
  966.453724722179,
  959.7746509110793,
  953.1417355706363,
  946.5546597044857,
  940.0131065204682,
  933.5167614155914,
  927.0653119609857,
  920.6584478869191,
  914.2958610678918,
  907.9772455078248,
  901.702297325348,
  895.4707147391865,
  889.2821980536476,
  883.1364496442081,
  877.0331739432014,
  870.9720774256009,
  864.9528685949056,
  858.9752579691203,
  853.0389580668332,
  847.1436833933905,
  841.2891504271661
 ],
 "min_milk_energy": [
  444.0979688174535,
  524.5757243625787,
  559.6125939835277,
  572.9099741031266,
  576.5712938340308,
  575.9699955518759,
  573.4916152860121,
  570.1951512985055,
  566.550660623095,
  562.7667292343613,
  558.9358587245523,
  555.0990135108773,
  551.2742778050459,
  547.4695784212934,
  543.6883333068729,
  539.9319593109688,
  536.2009855521143,
  532.4955477142711,
  528.8156074943124,
  525.1610500252148,
  521.5317271242527,
  517.9274764891927,
  514.348130216171,
  510.79351857676,
  507.2634716902918,
  503.75782026177205,
  500.27639590497716,
  496.81903128141465,
  493.3855601575668,
  489.97581742588113,
  486.5896391097005,
  483.2268623610895,
  479.88732545553967,
  476.57086778531817,
  473.2773298522429,
  470.0065532602341,
  466.7583807077957,
  463.53265598049285,
  460.32922394345957,
  457.1479305339459,
  453.9886227539124,
  450.851148662674,
  447.73535736959326,
  444.6410990268238,
  441.56822482210407,
  438.5165869716007,
  435.48603871280045,
  432.4764342974528,
  429.48762898456016,
  426.5194790334166,
  423.57184169669523,
  420.64457521358304
 ],
 "maximum_pasture_cover": 3500.0,
 "initial_soil_moisture": 150.0,