{
 "maximum_growth_rate": 60.0,
 "pasture_energy_density": 11.0,
 "number_of_weeks": 52,
 "number_cuts": 500,
 "energy_for_pregnancy": [
  0.0,
  0.0,
  0.0,
  0.0,
  0.0,
  0.0,
  0.0,
  0.0,
  0.0,
  0.0,
  0.0,
  0.0,
  0.23237630245889634,
  1.7627304781547037,
  2.026062014936652,
  2.3287322362896714,
  2.676617886498531,
  3.0764736274439985,
  3.536063189333256,
  4.064310113831876,
  4.671471016475458,
  5.369334732480741,
  6.1714512126365655,
  7.0933946135923716,
  8.153065690791582,
  9.371039365410203,
  10.770964213774358,
  12.380021635874277,
  14.229453618341214,
  16.355169339106318,
  18.79844239177653,
  21.606712167264572,
  24.83450495256163,
  28.54449263100864,
  32.808709540137734,
  37.70995111399494,
  43.34338146644211,
  49.8183811288027,
  57.260670818131516,
  65.81475247188986,
  75.64671494495559,
  86.9474588453018,
  99.93640312281096,
  114.86574537956884,
  132.02535862122016,
  151.74841952631587,
  174.4178775139763,
  200.47389021540863,
  230.42236971883392,
  264.84480552451544,
  304.40955493560847,
  349.8848201027586
 ],
 "first_week": 31,
 "initial_soil_moisture": 150.0,
 "energy_for_bcs_dry": [
  -71.9360512320479,
  -67.31630482265032,
  -62.69655841325277,
  -58.07681200385519,
  -53.45706559445762,
  -48.83731918506004,
  -44.217572775662475,
  -39.597826366264904,
  -34.978079956867326,
  -30.35833354746976,
  -25.738587138072184,
  -21.118840728674613,
  -16.49909431927704,
  -11.87934790987947,
  -7.259601500481899,
  -2.6398550910843266,
  5.419625553772437,
  8.000399626997405,
  9.806941478254883,
  11.613483329512363,
  13.42002518076984,
  15.226567032027319,
  17.033108883284797,
  18.839650734542275,
  20.646192585799756,
  22.45273443705723,
  24.259276288314716,
  26.065818139572187,
  27.87235999082967,
  29.678901842087146,
  31.485443693344628,
  33.2919855446021,
  35.098527395859584,
  36.90506924711706,
  38.71161109837454,
  40.518152949632025,
  42.324694800889496,
  44.131236652146974,
  45.93777850340446,
  47.74432035466192,
  49.550862205919415,
  51.357404057176886,
  53.163945908434364,
  54.97048775969185,
  56.77702961094933,
  58.583571462206805,
  60.39011331346428,
  62.19665516472176,
  64.00319701597924,
  65.80973886723672,
  67.6162807184942,
  69.42282256975169
 ],
 "model_name": "Powder",
 "maximum_soil_moisture": 150.0,
 "number_simulations": 1000,
 "energy_for_bcs_milking": [
  -88.72112985285908,
  -83.02344261460208,
  -77.32575537634509,
  -71.62806813808807,
  -65.93038089983106,
  -60.23269366157405,
  -54.53500642331705,
  -48.83731918506005,
  -43.139631946803036,
  -37.44194470854603,
  -31.74425747028903,
  -26.046570232032025,
  -20.34888299377502,
  -14.651195755518014,
  -8.953508517261008,
  -3.255821279004003,
  3.763628856786414,
  5.555833074303754,
  6.8103760265658915,
  8.06491897882803,
  9.319461931090167,
  10.574004883352304,
  11.828547835614442,
  13.08309078787658,
  14.337633740138719,
  15.592176692400855,
  16.846719644662997,
  18.10126259692513,
  19.35580554918727,
  20.61034850144941,
  21.864891453711547,
  23.11943440597368,
  24.373977358235823,
  25.62852031049796,
  26.8830632627601,
  28.137606215022238,
  29.39214916728437,
  30.646692119546508,
  31.901235071808653,
  33.155778024070784,
  34.410320976332926,
  35.66486392859506,
  36.919406880857196,
  38.173949833119345,
  39.42849278538147,
  40.683035737643614,
  41.93757868990575,
  43.19212164216789,
  44.44666459443003,
  45.70120754669216,
  46.9557504989543,
  48.210293451216444
 ],
 "niwa_data": "TGA.daily.df.csv",
 "energy_content_of_milk": [
  65.35515151391601,
  66.49176004834155,
  67.3975782008087,
  68.0776228502157,
  68.55784362793972,
  68.87345657974878,
  69.06038942936677,
  69.15053922815805,
  69.16997729832954,
  69.13890707972,
  69.07243536574626,
  68.98158477658386,
  68.87426170616509,
  68.75606872686856,
  68.63094050768903,
  68.50162119673463,
  68.37001339133042,
  68.23742882203895,
  68.10476633743197,
  67.97263727300916,
  67.8414532798611,
  67.71148762406887,
  67.58291785911656,
  67.45585547727588,
  67.3303664861443,
  67.20648567360622,
  67.08422648926243,
  66.96358788433578,
  66.84455904260837,
  66.72712264969657,
  66.6112571496361,
  66.4969383000331,
  66.3841402414926,
  66.27283623079217,
  66.16299914135269,
  66.05460180274358,
  65.94761722891538,
  65.84201876958124,
  65.73778020858829,
  65.6348758257901,
  65.5332804338526,
  65.43296939790801,
  65.33391864353281,
  65.23610465683709,
  65.13950447928224,
  65.04409569903333,
  64.9498564400903,
  64.85676535005355,
  64.7648015871099,
  64.67394480663867,
  64.58417514770801,
  64.49547321964306
 ],
 "initial_storage": 0.0,
 "harvesting_efficiency": 0.9,
 "futures_transaction_cost": 0.02,
 "yearly_pasture_growth": 14000.0,
 "initial_pasture_cover": 2500.0,
 "energy_for_maintenance": 378.0,
 "stocking_rate": 3.25,
 "max_milk_energy": [
  888.195937634907,
  1049.1514487251575,
  1119.2251879670555,
  1145.8199482062532,
  1153.1425876680617,
  1151.9399911037517,
  1146.9832305720242,
  1140.390302597011,
  1133.10132124619,
  1125.5334584687225,
  1117.8717174491046,
  1110.1980270217546,
  1102.5485556100919,
  1094.9391568425867,
  1087.3766666137458,
  1079.8639186219375,
  1072.4019711042286,
  1064.9910954285422,
  1057.6312149886248,
  1050.3221000504295,
  1043.0634542485054,
  1035.8549529783854,
  1028.696260432342,
  1021.58703715352,
  1014.5269433805836,
  1007.5156405235441,
  1000.5527918099543,
  993.6380625628293,
  986.7711203151335,
  979.9516348517623,
  973.179278219401,
  966.453724722179,
  959.7746509110793,
  953.1417355706363,
  946.5546597044857,
  940.0131065204682,
  933.5167614155914,
  927.0653119609857,
  920.6584478869191,
  914.2958610678918,
  907.9772455078248,
  901.702297325348,
  895.4707147391865,
  889.2821980536476,
  883.1364496442081,
  877.0331739432014,
  870.9720774256009,
  864.9528685949056,
  858.9752579691203,
  853.0389580668332,
  847.1436833933905,
  841.2891504271661
 ],
 "maximum_pasture_cover": 3500.0,
 "supplement_energy_density": 11.0,
 "number_of_pasture_cuts": 20,
 "FEI_multiplier": 1.0
}
